soal,kategori,otak,lulus,skor,catatan,ms,jawaban
"durasi","profil","naskah","true","1.00","","0","Lima pemain, satu peran untuk satu orang, ditambah satu fasilitator di luar peran yang mengatur waktu, aturan, validasi, dan akses GenAI. Satu sesi penuh sekitar 100–120 menit: persiapan 10–15 menit, lalu enam fase dengan waktu berbeda. Yang paling panjang Fase 4, 22–28 menit.

Panduannya tidak menetapkan batas usia. Yang tertulis, permainan ini dipakai di sekolah, kampus, dan komunitas, dan bisa difasilitasi guru tanpa pelatihan panjang. Untuk kelas besar, beberapa meja berjalan bersamaan lalu hasilnya dibandingkan."
"pemain","profil","naskah","true","1.00","","0","Lima pemain, satu peran untuk satu orang, ditambah satu fasilitator di luar peran yang mengatur waktu, aturan, validasi, dan akses GenAI. Satu sesi penuh sekitar 100–120 menit: persiapan 10–15 menit, lalu enam fase dengan waktu berbeda. Yang paling panjang Fase 4, 22–28 menit.

Panduannya tidak menetapkan batas usia. Yang tertulis, permainan ini dipakai di sekolah, kampus, dan komunitas, dan bisa difasilitasi guru tanpa pelatihan panjang. Untuk kelas besar, beberapa meja berjalan bersamaan lalu hasilnya dibandingkan."
"fase","fase","naskah","true","1.00","","0","Permainan berjalan lewat enam fase, dengan waktu yang berbeda-beda:

1. Amati Masa Kini (12–15 menit) — Peta sistem: memahami kondisi kota dan bagaimana masalahnya saling terkait.
2. Bayangkan Masa Depan (15–18 menit) — Tiga skenario: Expected Future, Alternative Future, dan Transformative Future.
3. Pilih Masa Depan (10–12 menit) — Satu skenario dipilih. Disetujui bila didukung minimal 4 dari 5 peran, tanpa kerugian berat yang dibiarkan.
4. Ambil Keputusan (22–28 menit) — Tindakan dipilih, risikonya ditimbang, dan dampaknya disimulasikan.
5. Aksi Bersama (15–18 menit) — Tiga proyek berstatus Committed, beserta peta jaringan pendukungnya.
6. Dampak Nyata (15–18 menit) — Profil dampak simulasi, lalu satu komitmen aksi nyata di dunia luar.

Satu sesi penuh sekitar 100–120 menit, termasuk persiapan 10–15 menit."
"skenario","fase","naskah","true","1.00","","0","Di Fase 2 setiap meja menyusun tiga Samarinda sekaligus.

Expected Future — kebiasaan dan kebijakan hari ini diteruskan apa adanya. Ini garis dasar untuk dibandingkan, bukan ramalan.

Alternative Future — beberapa keputusan diambil berbeda, dan arah kota bergeser. Paling mudah dibayangkan, dan karena itu paling ramai diperdebatkan.

Transformative Future — susunan yang selama ini dianggap tetap ikut diubah: dari mana penghidupan datang, siapa yang ikut memutuskan.

Di Fase 3, satu dipilih. Sah kalau didukung minimal empat dari lima peran dan tidak ada kerugian berat yang dibiarkan."
"setuju-f3","fase","naskah","true","1.00","","0","Permainan berjalan lewat enam fase, dengan waktu yang berbeda-beda:

1. Amati Masa Kini (12–15 menit) — Peta sistem: memahami kondisi kota dan bagaimana masalahnya saling terkait.
2. Bayangkan Masa Depan (15–18 menit) — Tiga skenario: Expected Future, Alternative Future, dan Transformative Future.
3. Pilih Masa Depan (10–12 menit) — Satu skenario dipilih. Disetujui bila didukung minimal 4 dari 5 peran, tanpa kerugian berat yang dibiarkan.
4. Ambil Keputusan (22–28 menit) — Tindakan dipilih, risikonya ditimbang, dan dampaknya disimulasikan.
5. Aksi Bersama (15–18 menit) — Tiga proyek berstatus Committed, beserta peta jaringan pendukungnya.
6. Dampak Nyata (15–18 menit) — Profil dampak simulasi, lalu satu komitmen aksi nyata di dunia luar.

Satu sesi penuh sekitar 100–120 menit, termasuk persiapan 10–15 menit."
"ronde-f4","fase","naskah","true","1.00","","0","Fase 4, Ambil Keputusan, adalah fase terpanjang: 22–28 menit. Proyek dibayar lewat Project Market dalam tiga ronde. Karena tiap proyek punya harga di kartunya dan tidak ada peran yang memegang semua jenis token, pemain harus patungan dan menawar.

Di fase ini juga ada simulasi dampak dengan GenAI, salah satu dari dua pemakaian GenAI yang gratis. Setiap peran juga boleh memakai kemampuan khususnya satu kali."
"keluaran-f1","fase","naskah","true","1.00","","0","Permainan berjalan lewat enam fase, dengan waktu yang berbeda-beda:

1. Amati Masa Kini (12–15 menit) — Peta sistem: memahami kondisi kota dan bagaimana masalahnya saling terkait.
2. Bayangkan Masa Depan (15–18 menit) — Tiga skenario: Expected Future, Alternative Future, dan Transformative Future.
3. Pilih Masa Depan (10–12 menit) — Satu skenario dipilih. Disetujui bila didukung minimal 4 dari 5 peran, tanpa kerugian berat yang dibiarkan.
4. Ambil Keputusan (22–28 menit) — Tindakan dipilih, risikonya ditimbang, dan dampaknya disimulasikan.
5. Aksi Bersama (15–18 menit) — Tiga proyek berstatus Committed, beserta peta jaringan pendukungnya.
6. Dampak Nyata (15–18 menit) — Profil dampak simulasi, lalu satu komitmen aksi nyata di dunia luar.

Satu sesi penuh sekitar 100–120 menit, termasuk persiapan 10–15 menit."
"indikator","indikator","naskah","true","1.00","","0","Empat City Indicator berjalan di skala 0–10. Semuanya mulai di 5, dan masuk keadaan kritis kalau turun di bawah 3:

• Lingkungan (Environment) — Air, udara, banjir, hutan, polusi, dan emisi.
• Masyarakat (Society) — Kesetaraan, kesehatan, layanan, partisipasi, dan kelompok rentan.
• Ekonomi (Economy) — Lapangan kerja, keragaman pendapatan, dan ketergantungan batu bara.
• Masa Depan (Future Readiness) — Kesiapan menghadapi ketidakpastian, perencanaan jangka panjang, dan adaptasi.

Kalau ada satu saja indikator yang berakhir di rentang 0–2, koalisi kalah, sebagus apa pun angka yang lain."
"skala","indikator","naskah","true","1.00","","0","Empat City Indicator berjalan di skala 0–10. Semuanya mulai di 5, dan masuk keadaan kritis kalau turun di bawah 3:

• Lingkungan (Environment) — Air, udara, banjir, hutan, polusi, dan emisi.
• Masyarakat (Society) — Kesetaraan, kesehatan, layanan, partisipasi, dan kelompok rentan.
• Ekonomi (Economy) — Lapangan kerja, keragaman pendapatan, dan ketergantungan batu bara.
• Masa Depan (Future Readiness) — Kesiapan menghadapi ketidakpastian, perencanaan jangka panjang, dan adaptasi.

Kalau ada satu saja indikator yang berakhir di rentang 0–2, koalisi kalah, sebagus apa pun angka yang lain."
"ekonomi","indikator","naskah","true","1.00","","0","Empat City Indicator berjalan di skala 0–10. Semuanya mulai di 5, dan masuk keadaan kritis kalau turun di bawah 3:

• Lingkungan (Environment) — Air, udara, banjir, hutan, polusi, dan emisi.
• Masyarakat (Society) — Kesetaraan, kesehatan, layanan, partisipasi, dan kelompok rentan.
• Ekonomi (Economy) — Lapangan kerja, keragaman pendapatan, dan ketergantungan batu bara.
• Masa Depan (Future Readiness) — Kesiapan menghadapi ketidakpastian, perencanaan jangka panjang, dan adaptasi.

Kalau ada satu saja indikator yang berakhir di rentang 0–2, koalisi kalah, sebagus apa pun angka yang lain."
"peran","peran","naskah","true","1.00","","0","Ada lima peran, satu peran satu pemain:

• Pemerintah & Perencana Kota — Layanan publik, kebijakan, dan keadilan ruang.
• Pelaku Usaha & Industri — Investasi, lapangan kerja, teknologi, dan pertimbangan kelayakan.
• Masyarakat Sungai & Penghasil Pangan — Penghidupan di sungai, pangan, dan pengetahuan lokal.
• Warga, Pemuda & Komunitas — Kebutuhan warga, partisipasi, dan tuntutan keadilan.
• Ilmuwan, Pendidik & Kelompok Lingkungan — Bukti, pembelajaran, dan penilaian dampak.

Setiap peran punya sumber daya awal, satu Special Goal, dan satu kemampuan khusus yang cuma bisa dipakai sekali di Fase 4. Tidak ada peran yang bisa membereskan kota ini sendirian."
"kartu-total","komponen","naskah","true","1.00","","0","Halo! Aku Shelbot, pemandu Futures in Action edisi Samarinda 2045. Aku bisa menjelaskan cara bermain, kelima peran, empat indikator kota, isi 184 kartu, sampai isu keberlanjutan di Samarinda. Mau mulai dari mana?"
"kartu-mini","komponen","naskah","true","1.00","","0","Deknya 184 kartu dalam dua belas jenis: 5 Peran, 5 Tujuan Khusus, 12 Skenario Samarinda, 36 Faktor Masalah, Pendorong, dan Ketidakpastian, 40 Proyek Kecil, 10 Proyek Terbuka, 24 Peluang, 18 Kejadian, 24 Prompt GenAI, dan 10 Bukti Aksi.

Semuanya bisa dibaca di halaman Katalog Kartu situs ini, dan aku bisa membacakan satu per satu — sebut judulnya atau kodenya, misalnya P01."
"kartu-genai","komponen","naskah","true","1.00","","0","Deknya 184 kartu dalam dua belas jenis: 5 Peran, 5 Tujuan Khusus, 12 Skenario Samarinda, 36 Faktor Masalah, Pendorong, dan Ketidakpastian, 40 Proyek Kecil, 10 Proyek Terbuka, 24 Peluang, 18 Kejadian, 24 Prompt GenAI, dan 10 Bukti Aksi.

Semuanya bisa dibaca di halaman Katalog Kartu situs ini, dan aku bisa membacakan satu per satu — sebut judulnya atau kodenya, misalnya P01."
"zona","komponen","naskah","true","1.00","","0","Papan dibagi menjadi delapan zona tematik, dan tiap proyek berdiri di salah satunya:

• Hijau
• Energi
• Transportasi
• Pendidikan
• Sampah
• Bencana
• Sungai
• Pangan

Syarat menang menuntut proyek kalian mencakup minimal dua zona, jadi bertumpu pada satu tema saja tidak cukup."
"token","komponen","naskah","true","1.00","","0","Ada enam jenis token sumber daya yang beredar di antara pemain: Nature, Energy, Funds, Knowledge, Community, dan Technology.

Setiap peran memulai dengan tiga token yang berbeda-beda, dan tiap proyek punya harga yang tertulis di kartunya. Karena tidak ada satu peran pun yang memegang semua jenis, proyek yang berarti hampir selalu menuntut patungan — dan di situlah tawar-menawarnya."
"proyek-akhir","aturan","naskah","true","1.00","","0","Tepat tiga proyek: dua Mini-Project dan satu Open Project. Di Fase 5, Aksi Bersama, ketiganya harus berstatus Committed, lengkap dengan peta jaringan pendukungnya.

Setelah itu satu proyek prioritas dipilih untuk dijadikan aksi nyata siswa selama 7 sampai 30 hari."
"aksi-nyata","aturan","naskah","true","1.00","","0","Ini bagian yang membedakan permainan ini dari simulasi biasa. Di Fase 6, minimal satu proyek yang kalian bangun di atas meja harus diubah menjadi rencana aksi nyata berdurasi 7 sampai 30 hari, lengkap dengan indikator yang bisa diukur dan bukti yang bisa ditunjukkan.

Sepuluh kartu Action Evidence menjelaskan bentuk buktinya: data, foto, peta, atau produk. Tanpa langkah ini, syarat menang tidak terpenuhi — jadi permainannya baru selesai setelah ada yang benar-benar dikerjakan di luar meja."
"menang","aturan","naskah","true","1.00","","0","Koalisi menang bersama-sama kalau keempat syarat ini terpenuhi:

1. Proyek yang dibangun mencakup minimal dua zona dan membentuk strategi yang bisa dijelaskan.
2. Minimal satu proyek didukung tiga peran atau lebih.
3. Tidak ada indikator yang berakhir di rentang kritis 0–2.
4. Minimal satu proyek diubah menjadi rencana aksi nyata 7–30 hari, lengkap dengan indikator dan bukti."
"genai-gratis","genai","naskah","true","1.00","","0","Di dalam permainan, GenAI hadir sebagai teman berpikir, bukan pengambil keputusan. Dua pemakaian inti gratis: peta sistem di Fase 1 dan simulasi dampak di Fase 4. Prompt tambahan menuntut GenAI Access Token, yang diperoleh lewat verifikasi, deteksi bias, pengetahuan lokal, atau rancangan prompt yang baik.

Batasnya tegas: GenAI tidak punya suara, tidak menetapkan biaya proyek, dan tidak memilih proyek prioritas. Prompt dan jawabannya harus ditampilkan terbuka, dan data pribadi tidak boleh dimasukkan.

Aku sendiri bukan GenAI. Aku menjawab dari isi permainan yang sudah tertulis, bukan mengarang kalimat baru."
"genai-token","genai","naskah","true","1.00","","0","Di dalam permainan, GenAI hadir sebagai teman berpikir, bukan pengambil keputusan. Dua pemakaian inti gratis: peta sistem di Fase 1 dan simulasi dampak di Fase 4. Prompt tambahan menuntut GenAI Access Token, yang diperoleh lewat verifikasi, deteksi bias, pengetahuan lokal, atau rancangan prompt yang baik.

Batasnya tegas: GenAI tidak punya suara, tidak menetapkan biaya proyek, dan tidak memilih proyek prioritas. Prompt dan jawabannya harus ditampilkan terbuka, dan data pribadi tidak boleh dimasukkan.

Aku sendiri bukan GenAI. Aku menjawab dari isi permainan yang sudah tertulis, bukan mengarang kalimat baru."
"genai-pilih","genai","naskah","true","1.00","","0","Di dalam permainan, GenAI hadir sebagai teman berpikir, bukan pengambil keputusan. Dua pemakaian inti gratis: peta sistem di Fase 1 dan simulasi dampak di Fase 4. Prompt tambahan menuntut GenAI Access Token, yang diperoleh lewat verifikasi, deteksi bias, pengetahuan lokal, atau rancangan prompt yang baik.

Batasnya tegas: GenAI tidak punya suara, tidak menetapkan biaya proyek, dan tidak memilih proyek prioritas. Prompt dan jawabannya harus ditampilkan terbuka, dan data pribadi tidak boleh dimasukkan.

Aku sendiri bukan GenAI. Aku menjawab dari isi permainan yang sudah tertulis, bukan mengarang kalimat baru."
"shelbot-harga","genai","naskah","true","1.00","","0","Ada enam jenis token sumber daya yang beredar di antara pemain: Nature, Energy, Funds, Knowledge, Community, dan Technology.

Setiap peran memulai dengan tiga token yang berbeda-beda, dan tiap proyek punya harga yang tertulis di kartunya. Karena tidak ada satu peran pun yang memegang semua jenis, proyek yang berarti hampir selalu menuntut patungan — dan di situlah tawar-menawarnya."
"banjir","luwes","naskah","true","1.00","","0","Samarinda tumbuh bersama Sungai Mahakam, dan permainan ini memakai empat tantangan yang benar-benar dihadapi kotanya:

• Banjir — Curah hujan, perubahan penggunaan lahan, berkurangnya daerah resapan, kondisi drainase, dan sampah saling berhubungan, dan bersama-sama menaikkan risiko banjir.
• Sampah & Pencemaran Sungai — Sampah dan limbah menurunkan kualitas air, mengganggu ekosistem, dan memengaruhi masyarakat yang menggantungkan hidupnya pada sungai.
• Pertambangan & Lubang Bekas Tambang — Pertambangan menyumbang kegiatan ekonomi, tetapi juga mengubah bentang alam dan meninggalkan risiko keselamatan bila tidak dikelola dengan baik.
• Berkurangnya Ruang Hijau — Pertumbuhan kota menekan hutan dan ruang terbuka hijau yang menyerap air, menahan suhu kota, serta menjadi habitat makhluk hidup.

Keempatnya saling terhubung. Satu keputusan bisa menolong satu kelompok sambil menimbulkan risiko bagi kelompok lain."
"tambang","luwes","naskah","true","1.00","","0","Samarinda tumbuh bersama Sungai Mahakam, dan permainan ini memakai empat tantangan yang benar-benar dihadapi kotanya:

• Banjir — Curah hujan, perubahan penggunaan lahan, berkurangnya daerah resapan, kondisi drainase, dan sampah saling berhubungan, dan bersama-sama menaikkan risiko banjir.
• Sampah & Pencemaran Sungai — Sampah dan limbah menurunkan kualitas air, mengganggu ekosistem, dan memengaruhi masyarakat yang menggantungkan hidupnya pada sungai.
• Pertambangan & Lubang Bekas Tambang — Pertambangan menyumbang kegiatan ekonomi, tetapi juga mengubah bentang alam dan meninggalkan risiko keselamatan bila tidak dikelola dengan baik.
• Berkurangnya Ruang Hijau — Pertumbuhan kota menekan hutan dan ruang terbuka hijau yang menyerap air, menahan suhu kota, serta menjadi habitat makhluk hidup.

Keempatnya saling terhubung. Satu keputusan bisa menolong satu kelompok sambil menimbulkan risiko bagi kelompok lain."
"pr-matematika","tolak","naskah","true","1.00","","0","Itu di luar yang aku tahu. Aku hanya menjawab dari isi permainan ini — panduannya, naskah situs, dan 184 kartunya — dan aku memilih bilang tidak tahu daripada mengarang jawaban.

Coba tanyakan soal cara bermain, peran, indikator kota, isi kartu tertentu, atau isu keberlanjutan di Samarinda."
"piala-dunia","tolak","naskah","true","1.00","","0","Itu di luar yang aku tahu. Aku hanya menjawab dari isi permainan ini — panduannya, naskah situs, dan 184 kartunya — dan aku memilih bilang tidak tahu daripada mengarang jawaban.

Coba tanyakan soal cara bermain, peran, indikator kota, isi kartu tertentu, atau isu keberlanjutan di Samarinda."
"kode","tolak","naskah","true","1.00","","0","Itu di luar yang aku tahu. Aku hanya menjawab dari isi permainan ini — panduannya, naskah situs, dan 184 kartunya — dan aku memilih bilang tidak tahu daripada mengarang jawaban.

Coba tanyakan soal cara bermain, peran, indikator kota, isi kartu tertentu, atau isu keberlanjutan di Samarinda."